id,title,description,genres,release_date,director,actors
6772254e7a04c22b7c883290,Movie Title 0,Description for movie 0,"Action, Drama",2024-12-30T04:45:02.133Z,Director 0,"Actor 0A, Actor 0B"
6772254e7a04c22b7c883292,Movie Title 1,Description for movie 1,"Action, Drama",2024-12-30T04:45:02.188Z,Director 1,"Actor 1A, Actor 1B"
6772254e7a04c22b7c883294,Movie Title 2,Description for movie 2,"Action, Drama",2024-12-30T04:45:02.224Z,Director 2,"Actor 2A, Actor 2B"
6772254e7a04c22b7c883296,Movie Title 3,Description for movie 3,"Action, Drama",2024-12-30T04:45:02.262Z,Director 3,"Actor 3A, Actor 3B"
6772254e7a04c22b7c883298,Movie Title 4,Description for movie 4,"Action, Drama",2024-12-30T04:45:02.302Z,Director 4,"Actor 4A, Actor 4B"
6772254e7a04c22b7c88329a,Movie Title 5,Description for movie 5,"Action, Drama",2024-12-30T04:45:02.344Z,Director 5,"Actor 5A, Actor 5B"
6772254e7a04c22b7c88329c,Movie Title 6,Description for movie 6,"Action, Drama",2024-12-30T04:45:02.384Z,Director 6,"Actor 6A, Actor 6B"
6772254e7a04c22b7c88329e,Movie Title 7,Description for movie 7,"Action, Drama",2024-12-30T04:45:02.423Z,Director 7,"Actor 7A, Actor 7B"
6772254e7a04c22b7c8832a0,Movie Title 8,Description for movie 8,"Action, Drama",2024-12-30T04:45:02.467Z,Director 8,"Actor 8A, Actor 8B"
6772254e7a04c22b7c8832a2,Movie Title 9,Description for movie 9,"Action, Drama",2024-12-30T04:45:02.510Z,Director 9,"Actor 9A, Actor 9B"
6772254e7a04c22b7c8832a4,Movie Title 10,Description for movie 10,"Action, Drama",2024-12-30T04:45:02.552Z,Director 10,"Actor 10A, Actor 10B"
6772254e7a04c22b7c8832a6,Movie Title 11,Description for movie 11,"Action, Drama",2024-12-30T04:45:02.593Z,Director 11,"Actor 11A, Actor 11B"
6772254e7a04c22b7c8832a8,Movie Title 12,Description for movie 12,"Action, Drama",2024-12-30T04:45:02.635Z,Director 12,"Actor 12A, Actor 12B"
6772254e7a04c22b7c8832aa,Movie Title 13,Description for movie 13,"Action, Drama",2024-12-30T04:45:02.678Z,Director 13,"Actor 13A, Actor 13B"
6772254e7a04c22b7c8832ac,Movie Title 14,Description for movie 14,"Action, Drama",2024-12-30T04:45:02.721Z,Director 14,"Actor 14A, Actor 14B"
6772254e7a04c22b7c8832ae,Movie Title 15,Description for movie 15,"Action, Drama",2024-12-30T04:45:02.764Z,Director 15,"Actor 15A, Actor 15B"
6772254e7a04c22b7c8832b0,Movie Title 16,Description for movie 16,"Action, Drama",2024-12-30T04:45:02.804Z,Director 16,"Actor 16A, Actor 16B"
6772254e7a04c22b7c8832b2,Movie Title 17,Description for movie 17,"Action, Drama",2024-12-30T04:45:02.846Z,Director 17,"Actor 17A, Actor 17B"
6772254e7a04c22b7c8832b4,Movie Title 18,Description for movie 18,"Action, Drama",2024-12-30T04:45:02.889Z,Director 18,"Actor 18A, Actor 18B"
6772254e7a04c22b7c8832b6,Movie Title 19,Description for movie 19,"Action, Drama",2024-12-30T04:45:02.931Z,Director 19,"Actor 19A, Actor 19B"
6772254e7a04c22b7c8832b8,Movie Title 20,Description for movie 20,"Action, Drama",2024-12-30T04:45:02.972Z,Director 20,"Actor 20A, Actor 20B"
6772254f7a04c22b7c8832ba,Movie Title 21,Description for movie 21,"Action, Drama",2024-12-30T04:45:03.258Z,Director 21,"Actor 21A, Actor 21B"
6772254f7a04c22b7c8832bc,Movie Title 22,Description for movie 22,"Action, Drama",2024-12-30T04:45:03.299Z,Director 22,"Actor 22A, Actor 22B"
6772254f7a04c22b7c8832be,Movie Title 23,Description for movie 23,"Action, Drama",2024-12-30T04:45:03.339Z,Director 23,"Actor 23A, Actor 23B"
6772254f7a04c22b7c8832c0,Movie Title 24,Description for movie 24,"Action, Drama",2024-12-30T04:45:03.380Z,Director 24,"Actor 24A, Actor 24B"
6772254f7a04c22b7c8832c2,Movie Title 25,Description for movie 25,"Action, Drama",2024-12-30T04:45:03.422Z,Director 25,"Actor 25A, Actor 25B"
6772254f7a04c22b7c8832c4,Movie Title 26,Description for movie 26,"Action, Drama",2024-12-30T04:45:03.460Z,Director 26,"Actor 26A, Actor 26B"
6772254f7a04c22b7c8832c6,Movie Title 27,Description for movie 27,"Action, Drama",2024-12-30T04:45:03.501Z,Director 27,"Actor 27A, Actor 27B"
6772254f7a04c22b7c8832c8,Movie Title 28,Description for movie 28,"Action, Drama",2024-12-30T04:45:03.542Z,Director 28,"Actor 28A, Actor 28B"
6772254f7a04c22b7c8832ca,Movie Title 29,Description for movie 29,"Action, Drama",2024-12-30T04:45:03.582Z,Director 29,"Actor 29A, Actor 29B"
6772254f7a04c22b7c8832cc,Movie Title 30,Description for movie 30,"Action, Drama",2024-12-30T04:45:03.623Z,Director 30,"Actor 30A, Actor 30B"
6772254f7a04c22b7c8832ce,Movie Title 31,Description for movie 31,"Action, Drama",2024-12-30T04:45:03.663Z,Director 31,"Actor 31A, Actor 31B"
6772254f7a04c22b7c8832d0,Movie Title 32,Description for movie 32,"Action, Drama",2024-12-30T04:45:03.705Z,Director 32,"Actor 32A, Actor 32B"
6772254f7a04c22b7c8832d2,Movie Title 33,Description for movie 33,"Action, Drama",2024-12-30T04:45:03.751Z,Director 33,"Actor 33A, Actor 33B"
6772254f7a04c22b7c8832d4,Movie Title 34,Description for movie 34,"Action, Drama",2024-12-30T04:45:03.795Z,Director 34,"Actor 34A, Actor 34B"
6772254f7a04c22b7c8832d6,Movie Title 35,Description for movie 35,"Action, Drama",2024-12-30T04:45:03.836Z,Director 35,"Actor 35A, Actor 35B"
6772254f7a04c22b7c8832d8,Movie Title 36,Description for movie 36,"Action, Drama",2024-12-30T04:45:03.877Z,Director 36,"Actor 36A, Actor 36B"
6772254f7a04c22b7c8832da,Movie Title 37,Description for movie 37,"Action, Drama",2024-12-30T04:45:03.918Z,Director 37,"Actor 37A, Actor 37B"
6772254f7a04c22b7c8832dc,Movie Title 38,Description for movie 38,"Action, Drama",2024-12-30T04:45:03.958Z,Director 38,"Actor 38A, Actor 38B"
677225507a04c22b7c8832de,Movie Title 39,Description for movie 39,"Action, Drama",2024-12-30T04:45:03.999Z,Director 39,"Actor 39A, Actor 39B"
677225507a04c22b7c8832e0,Movie Title 40,Description for movie 40,"Action, Drama",2024-12-30T04:45:04.041Z,Director 40,"Actor 40A, Actor 40B"
677225507a04c22b7c8832e2,Movie Title 41,Description for movie 41,"Action, Drama",2024-12-30T04:45:04.087Z,Director 41,"Actor 41A, Actor 41B"
677225507a04c22b7c8832e4,Movie Title 42,Description for movie 42,"Action, Drama",2024-12-30T04:45:04.131Z,Director 42,"Actor 42A, Actor 42B"
677225507a04c22b7c8832e6,Movie Title 43,Description for movie 43,"Action, Drama",2024-12-30T04:45:04.174Z,Director 43,"Actor 43A, Actor 43B"
677225507a04c22b7c8832e8,Movie Title 44,Description for movie 44,"Action, Drama",2024-12-30T04:45:04.215Z,Director 44,"Actor 44A, Actor 44B"
677225507a04c22b7c8832ea,Movie Title 45,Description for movie 45,"Action, Drama",2024-12-30T04:45:04.251Z,Director 45,"Actor 45A, Actor 45B"
677225507a04c22b7c8832ec,Movie Title 46,Description for movie 46,"Action, Drama",2024-12-30T04:45:04.291Z,Director 46,"Actor 46A, Actor 46B"
677225507a04c22b7c8832ee,Movie Title 47,Description for movie 47,"Action, Drama",2024-12-30T04:45:04.333Z,Director 47,"Actor 47A, Actor 47B"
677225507a04c22b7c8832f0,Movie Title 48,Description for movie 48,"Action, Drama",2024-12-30T04:45:04.375Z,Director 48,"Actor 48A, Actor 48B"
677225507a04c22b7c8832f2,Movie Title 49,Description for movie 49,"Action, Drama",2024-12-30T04:45:04.415Z,Director 49,"Actor 49A, Actor 49B"
677225507a04c22b7c8832f4,Movie Title 50,Description for movie 50,"Action, Drama",2024-12-30T04:45:04.456Z,Director 50,"Actor 50A, Actor 50B"
677225507a04c22b7c8832f6,Movie Title 51,Description for movie 51,"Action, Drama",2024-12-30T04:45:04.496Z,Director 51,"Actor 51A, Actor 51B"
677225507a04c22b7c8832f8,Movie Title 52,Description for movie 52,"Action, Drama",2024-12-30T04:45:04.538Z,Director 52,"Actor 52A, Actor 52B"
677225507a04c22b7c8832fa,Movie Title 53,Description for movie 53,"Action, Drama",2024-12-30T04:45:04.576Z,Director 53,"Actor 53A, Actor 53B"
677225507a04c22b7c8832fc,Movie Title 54,Description for movie 54,"Action, Drama",2024-12-30T04:45:04.618Z,Director 54,"Actor 54A, Actor 54B"
677225507a04c22b7c8832fe,Movie Title 55,Description for movie 55,"Action, Drama",2024-12-30T04:45:04.659Z,Director 55,"Actor 55A, Actor 55B"
677225507a04c22b7c883300,Movie Title 56,Description for movie 56,"Action, Drama",2024-12-30T04:45:04.703Z,Director 56,"Actor 56A, Actor 56B"
677225507a04c22b7c883302,Movie Title 57,Description for movie 57,"Action, Drama",2024-12-30T04:45:04.744Z,Director 57,"Actor 57A, Actor 57B"
677225507a04c22b7c883304,Movie Title 58,Description for movie 58,"Action, Drama",2024-12-30T04:45:04.786Z,Director 58,"Actor 58A, Actor 58B"
677225507a04c22b7c883306,Movie Title 59,Description for movie 59,"Action, Drama",2024-12-30T04:45:04.823Z,Director 59,"Actor 59A, Actor 59B"
677225507a04c22b7c883308,Movie Title 60,Description for movie 60,"Action, Drama",2024-12-30T04:45:04.861Z,Director 60,"Actor 60A, Actor 60B"
677225507a04c22b7c88330a,Movie Title 61,Description for movie 61,"Action, Drama",2024-12-30T04:45:04.902Z,Director 61,"Actor 61A, Actor 61B"
677225507a04c22b7c88330c,Movie Title 62,Description for movie 62,"Action, Drama",2024-12-30T04:45:04.942Z,Director 62,"Actor 62A, Actor 62B"
677225507a04c22b7c88330e,Movie Title 63,Description for movie 63,"Action, Drama",2024-12-30T04:45:04.982Z,Director 63,"Actor 63A, Actor 63B"
677225517a04c22b7c883310,Movie Title 64,Description for movie 64,"Action, Drama",2024-12-30T04:45:05.022Z,Director 64,"Actor 64A, Actor 64B"
677225517a04c22b7c883312,Movie Title 65,Description for movie 65,"Action, Drama",2024-12-30T04:45:05.062Z,Director 65,"Actor 65A, Actor 65B"
677225517a04c22b7c883314,Movie Title 66,Description for movie 66,"Action, Drama",2024-12-30T04:45:05.103Z,Director 66,"Actor 66A, Actor 66B"
677225517a04c22b7c883316,Movie Title 67,Description for movie 67,"Action, Drama",2024-12-30T04:45:05.147Z,Director 67,"Actor 67A, Actor 67B"
677225517a04c22b7c883318,Movie Title 68,Description for movie 68,"Action, Drama",2024-12-30T04:45:05.189Z,Director 68,"Actor 68A, Actor 68B"
677225517a04c22b7c88331a,Movie Title 69,Description for movie 69,"Action, Drama",2024-12-30T04:45:05.227Z,Director 69,"Actor 69A, Actor 69B"
677225517a04c22b7c88331c,Movie Title 70,Description for movie 70,"Action, Drama",2024-12-30T04:45:05.268Z,Director 70,"Actor 70A, Actor 70B"
677225517a04c22b7c88331e,Movie Title 71,Description for movie 71,"Action, Drama",2024-12-30T04:45:05.309Z,Director 71,"Actor 71A, Actor 71B"
677225517a04c22b7c883320,Movie Title 72,Description for movie 72,"Action, Drama",2024-12-30T04:45:05.349Z,Director 72,"Actor 72A, Actor 72B"
677225517a04c22b7c883322,Movie Title 73,Description for movie 73,"Action, Drama",2024-12-30T04:45:05.389Z,Director 73,"Actor 73A, Actor 73B"
677225517a04c22b7c883324,Movie Title 74,Description for movie 74,"Action, Drama",2024-12-30T04:45:05.431Z,Director 74,"Actor 74A, Actor 74B"
677225517a04c22b7c883326,Movie Title 75,Description for movie 75,"Action, Drama",2024-12-30T04:45:05.472Z,Director 75,"Actor 75A, Actor 75B"
677225517a04c22b7c883328,Movie Title 76,Description for movie 76,"Action, Drama",2024-12-30T04:45:05.510Z,Director 76,"Actor 76A, Actor 76B"
677225517a04c22b7c88332a,Movie Title 77,Description for movie 77,"Action, Drama",2024-12-30T04:45:05.551Z,Director 77,"Actor 77A, Actor 77B"
677225517a04c22b7c88332c,Movie Title 78,Description for movie 78,"Action, Drama",2024-12-30T04:45:05.592Z,Director 78,"Actor 78A, Actor 78B"
677225517a04c22b7c88332e,Movie Title 79,Description for movie 79,"Action, Drama",2024-12-30T04:45:05.633Z,Director 79,"Actor 79A, Actor 79B"
677225517a04c22b7c883330,Movie Title 80,Description for movie 80,"Action, Drama",2024-12-30T04:45:05.674Z,Director 80,"Actor 80A, Actor 80B"
677225517a04c22b7c883332,Movie Title 81,Description for movie 81,"Action, Drama",2024-12-30T04:45:05.715Z,Director 81,"Actor 81A, Actor 81B"
677225517a04c22b7c883334,Movie Title 82,Description for movie 82,"Action, Drama",2024-12-30T04:45:05.757Z,Director 82,"Actor 82A, Actor 82B"
677225517a04c22b7c883336,Movie Title 83,Description for movie 83,"Action, Drama",2024-12-30T04:45:05.799Z,Director 83,"Actor 83A, Actor 83B"
677225517a04c22b7c883338,Movie Title 84,Description for movie 84,"Action, Drama",2024-12-30T04:45:05.842Z,Director 84,"Actor 84A, Actor 84B"
677225517a04c22b7c88333a,Movie Title 85,Description for movie 85,"Action, Drama",2024-12-30T04:45:05.883Z,Director 85,"Actor 85A, Actor 85B"
677225517a04c22b7c88333c,Movie Title 86,Description for movie 86,"Action, Drama",2024-12-30T04:45:05.924Z,Director 86,"Actor 86A, Actor 86B"
677225517a04c22b7c88333e,Movie Title 87,Description for movie 87,"Action, Drama",2024-12-30T04:45:05.965Z,Director 87,"Actor 87A, Actor 87B"
677225527a04c22b7c883340,Movie Title 88,Description for movie 88,"Action, Drama",2024-12-30T04:45:06.006Z,Director 88,"Actor 88A, Actor 88B"
677225527a04c22b7c883342,Movie Title 89,Description for movie 89,"Action, Drama",2024-12-30T04:45:06.046Z,Director 89,"Actor 89A, Actor 89B"
677225527a04c22b7c883344,Movie Title 90,Description for movie 90,"Action, Drama",2024-12-30T04:45:06.087Z,Director 90,"Actor 90A, Actor 90B"
677225527a04c22b7c883346,Movie Title 91,Description for movie 91,"Action, Drama",2024-12-30T04:45:06.129Z,Director 91,"Actor 91A, Actor 91B"
677225527a04c22b7c883348,Movie Title 92,Description for movie 92,"Action, Drama",2024-12-30T04:45:06.169Z,Director 92,"Actor 92A, Actor 92B"
677225527a04c22b7c88334a,Movie Title 93,Description for movie 93,"Action, Drama",2024-12-30T04:45:06.210Z,Director 93,"Actor 93A, Actor 93B"
677225527a04c22b7c88334c,Movie Title 94,Description for movie 94,"Action, Drama",2024-12-30T04:45:06.251Z,Director 94,"Actor 94A, Actor 94B"
677225527a04c22b7c88334e,Movie Title 95,Description for movie 95,"Action, Drama",2024-12-30T04:45:06.287Z,Director 95,"Actor 95A, Actor 95B"
677225527a04c22b7c883350,Movie Title 96,Description for movie 96,"Action, Drama",2024-12-30T04:45:06.339Z,Director 96,"Actor 96A, Actor 96B"
677225527a04c22b7c883352,Movie Title 97,Description for movie 97,"Action, Drama",2024-12-30T04:45:06.380Z,Director 97,"Actor 97A, Actor 97B"
677225527a04c22b7c883354,Movie Title 98,Description for movie 98,"Action, Drama",2024-12-30T04:45:06.421Z,Director 98,"Actor 98A, Actor 98B"
677225527a04c22b7c883356,Movie Title 99,Description for movie 99,"Action, Drama",2024-12-30T04:45:06.462Z,Director 99,"Actor 99A, Actor 99B"
