id,title,description,genres,episodes
6770fc5368c4899acb7a4c78,TV Show Title 0,Description for TV show 0,"Drama, Comedy",S1E1
6770fc5368c4899acb7a4c7b,TV Show Title 1,Description for TV show 1,"Drama, Comedy",S1E1
6770fc5368c4899acb7a4c7e,TV Show Title 2,Description for TV show 2,"Drama, Comedy",S1E1
6770fc5368c4899acb7a4c81,TV Show Title 3,Description for TV show 3,"Drama, Comedy",S1E1
6770fc5368c4899acb7a4c84,TV Show Title 4,Description for TV show 4,"Drama, Comedy",S1E1
6770fc5368c4899acb7a4c87,TV Show Title 5,Description for TV show 5,"Drama, Comedy",S1E1
6770fc5368c4899acb7a4c8a,TV Show Title 6,Description for TV show 6,"Drama, Comedy",S1E1
6770fc5368c4899acb7a4c8d,TV Show Title 7,Description for TV show 7,"Drama, Comedy",S1E1
6770fc5368c4899acb7a4c90,TV Show Title 8,Description for TV show 8,"Drama, Comedy",S1E1
6770fc5368c4899acb7a4c93,TV Show Title 9,Description for TV show 9,"Drama, Comedy",S1E1
6770fc5368c4899acb7a4c96,TV Show Title 10,Description for TV show 10,"Drama, Comedy",S1E1
6770fc5368c4899acb7a4c99,TV Show Title 11,Description for TV show 11,"Drama, Comedy",S1E1
6770fc5368c4899acb7a4c9c,TV Show Title 12,Description for TV show 12,"Drama, Comedy",S1E1
6770fc5368c4899acb7a4c9f,TV Show Title 13,Description for TV show 13,"Drama, Comedy",S1E1
6770fc5368c4899acb7a4ca2,TV Show Title 14,Description for TV show 14,"Drama, Comedy",S1E1
6770fc5368c4899acb7a4ca5,TV Show Title 15,Description for TV show 15,"Drama, Comedy",S1E1
6770fc5368c4899acb7a4ca8,TV Show Title 16,Description for TV show 16,"Drama, Comedy",S1E1
6770fc5368c4899acb7a4cab,TV Show Title 17,Description for TV show 17,"Drama, Comedy",S1E1
6770fc5368c4899acb7a4cae,TV Show Title 18,Description for TV show 18,"Drama, Comedy",S1E1
6770fc5368c4899acb7a4cb1,TV Show Title 19,Description for TV show 19,"Drama, Comedy",S1E1
6770fc5368c4899acb7a4cb4,TV Show Title 20,Description for TV show 20,"Drama, Comedy",S1E1
6770fc5468c4899acb7a4cb7,TV Show Title 21,Description for TV show 21,"Drama, Comedy",S1E1
6770fc5468c4899acb7a4cba,TV Show Title 22,Description for TV show 22,"Drama, Comedy",S1E1
6770fc5468c4899acb7a4cbd,TV Show Title 23,Description for TV show 23,"Drama, Comedy",S1E1
6770fc5468c4899acb7a4cc0,TV Show Title 24,Description for TV show 24,"Drama, Comedy",S1E1
6770fc5468c4899acb7a4cc3,TV Show Title 25,Description for TV show 25,"Drama, Comedy",S1E1
6770fc5468c4899acb7a4cc6,TV Show Title 26,Description for TV show 26,"Drama, Comedy",S1E1
6770fc5468c4899acb7a4cc9,TV Show Title 27,Description for TV show 27,"Drama, Comedy",S1E1
6770fc5468c4899acb7a4ccc,TV Show Title 28,Description for TV show 28,"Drama, Comedy",S1E1
6770fc5468c4899acb7a4ccf,TV Show Title 29,Description for TV show 29,"Drama, Comedy",S1E1
6770fc5468c4899acb7a4cd2,TV Show Title 30,Description for TV show 30,"Drama, Comedy",S1E1
6770fc5468c4899acb7a4cd5,TV Show Title 31,Description for TV show 31,"Drama, Comedy",S1E1
6770fc5468c4899acb7a4cd8,TV Show Title 32,Description for TV show 32,"Drama, Comedy",S1E1
6770fc5468c4899acb7a4cdb,TV Show Title 33,Description for TV show 33,"Drama, Comedy",S1E1
6770fc5468c4899acb7a4cde,TV Show Title 34,Description for TV show 34,"Drama, Comedy",S1E1
6770fc5468c4899acb7a4ce1,TV Show Title 35,Description for TV show 35,"Drama, Comedy",S1E1
6770fc5468c4899acb7a4ce4,TV Show Title 36,Description for TV show 36,"Drama, Comedy",S1E1
6770fc5468c4899acb7a4ce7,TV Show Title 37,Description for TV show 37,"Drama, Comedy",S1E1
6770fc5468c4899acb7a4cea,TV Show Title 38,Description for TV show 38,"Drama, Comedy",S1E1
6770fc5468c4899acb7a4ced,TV Show Title 39,Description for TV show 39,"Drama, Comedy",S1E1
6770fc5468c4899acb7a4cf0,TV Show Title 40,Description for TV show 40,"Drama, Comedy",S1E1
6770fc5468c4899acb7a4cf3,TV Show Title 41,Description for TV show 41,"Drama, Comedy",S1E1
6770fc5468c4899acb7a4cf6,TV Show Title 42,Description for TV show 42,"Drama, Comedy",S1E1
6770fc5468c4899acb7a4cf9,TV Show Title 43,Description for TV show 43,"Drama, Comedy",S1E1
6770fc5468c4899acb7a4cfc,TV Show Title 44,Description for TV show 44,"Drama, Comedy",S1E1
6770fc5468c4899acb7a4cff,TV Show Title 45,Description for TV show 45,"Drama, Comedy",S1E1
6770fc5568c4899acb7a4d02,TV Show Title 46,Description for TV show 46,"Drama, Comedy",S1E1
6770fc5568c4899acb7a4d05,TV Show Title 47,Description for TV show 47,"Drama, Comedy",S1E1
6770fc5568c4899acb7a4d08,TV Show Title 48,Description for TV show 48,"Drama, Comedy",S1E1
6770fc5568c4899acb7a4d0b,TV Show Title 49,Description for TV show 49,"Drama, Comedy",S1E1
6770fc5568c4899acb7a4d0e,TV Show Title 50,Description for TV show 50,"Drama, Comedy",S1E1
6770fc5568c4899acb7a4d11,TV Show Title 51,Description for TV show 51,"Drama, Comedy",S1E1
6770fc5568c4899acb7a4d14,TV Show Title 52,Description for TV show 52,"Drama, Comedy",S1E1
6770fc5568c4899acb7a4d17,TV Show Title 53,Description for TV show 53,"Drama, Comedy",S1E1
6770fc5568c4899acb7a4d1a,TV Show Title 54,Description for TV show 54,"Drama, Comedy",S1E1
6770fc5568c4899acb7a4d1d,TV Show Title 55,Description for TV show 55,"Drama, Comedy",S1E1
6770fc5568c4899acb7a4d20,TV Show Title 56,Description for TV show 56,"Drama, Comedy",S1E1
6770fc5568c4899acb7a4d23,TV Show Title 57,Description for TV show 57,"Drama, Comedy",S1E1
6770fc5568c4899acb7a4d26,TV Show Title 58,Description for TV show 58,"Drama, Comedy",S1E1
6770fc5568c4899acb7a4d29,TV Show Title 59,Description for TV show 59,"Drama, Comedy",S1E1
6770fc5568c4899acb7a4d2c,TV Show Title 60,Description for TV show 60,"Drama, Comedy",S1E1
6770fc5568c4899acb7a4d2f,TV Show Title 61,Description for TV show 61,"Drama, Comedy",S1E1
6770fc5568c4899acb7a4d32,TV Show Title 62,Description for TV show 62,"Drama, Comedy",S1E1
6770fc5568c4899acb7a4d35,TV Show Title 63,Description for TV show 63,"Drama, Comedy",S1E1
6770fc5568c4899acb7a4d38,TV Show Title 64,Description for TV show 64,"Drama, Comedy",S1E1
6770fc5568c4899acb7a4d3b,TV Show Title 65,Description for TV show 65,"Drama, Comedy",S1E1
6770fc5568c4899acb7a4d3e,TV Show Title 66,Description for TV show 66,"Drama, Comedy",S1E1
6770fc5568c4899acb7a4d41,TV Show Title 67,Description for TV show 67,"Drama, Comedy",S1E1
6770fc5568c4899acb7a4d44,TV Show Title 68,Description for TV show 68,"Drama, Comedy",S1E1
6770fc5568c4899acb7a4d47,TV Show Title 69,Description for TV show 69,"Drama, Comedy",S1E1
6770fc5568c4899acb7a4d4a,TV Show Title 70,Description for TV show 70,"Drama, Comedy",S1E1
6770fc5668c4899acb7a4d4d,TV Show Title 71,Description for TV show 71,"Drama, Comedy",S1E1
6770fc5668c4899acb7a4d50,TV Show Title 72,Description for TV show 72,"Drama, Comedy",S1E1
6770fc5668c4899acb7a4d53,TV Show Title 73,Description for TV show 73,"Drama, Comedy",S1E1
6770fc5668c4899acb7a4d56,TV Show Title 74,Description for TV show 74,"Drama, Comedy",S1E1
6770fc5668c4899acb7a4d59,TV Show Title 75,Description for TV show 75,"Drama, Comedy",S1E1
6770fc5668c4899acb7a4d5c,TV Show Title 76,Description for TV show 76,"Drama, Comedy",S1E1
6770fc5668c4899acb7a4d5f,TV Show Title 77,Description for TV show 77,"Drama, Comedy",S1E1
6770fc5668c4899acb7a4d62,TV Show Title 78,Description for TV show 78,"Drama, Comedy",S1E1
6770fc5668c4899acb7a4d65,TV Show Title 79,Description for TV show 79,"Drama, Comedy",S1E1
6770fc5668c4899acb7a4d68,TV Show Title 80,Description for TV show 80,"Drama, Comedy",S1E1
6770fc5668c4899acb7a4d6b,TV Show Title 81,Description for TV show 81,"Drama, Comedy",S1E1
6770fc5668c4899acb7a4d6e,TV Show Title 82,Description for TV show 82,"Drama, Comedy",S1E1
6770fc5668c4899acb7a4d71,TV Show Title 83,Description for TV show 83,"Drama, Comedy",S1E1
6770fc5668c4899acb7a4d74,TV Show Title 84,Description for TV show 84,"Drama, Comedy",S1E1
6770fc5668c4899acb7a4d77,TV Show Title 85,Description for TV show 85,"Drama, Comedy",S1E1
6770fc5668c4899acb7a4d7a,TV Show Title 86,Description for TV show 86,"Drama, Comedy",S1E1
6770fc5668c4899acb7a4d7d,TV Show Title 87,Description for TV show 87,"Drama, Comedy",S1E1
6770fc5668c4899acb7a4d80,TV Show Title 88,Description for TV show 88,"Drama, Comedy",S1E1
6770fc5668c4899acb7a4d83,TV Show Title 89,Description for TV show 89,"Drama, Comedy",S1E1
6770fc5668c4899acb7a4d86,TV Show Title 90,Description for TV show 90,"Drama, Comedy",S1E1
6770fc5668c4899acb7a4d89,TV Show Title 91,Description for TV show 91,"Drama, Comedy",S1E1
6770fc5668c4899acb7a4d8c,TV Show Title 92,Description for TV show 92,"Drama, Comedy",S1E1
6770fc5668c4899acb7a4d8f,TV Show Title 93,Description for TV show 93,"Drama, Comedy",S1E1
6770fc5668c4899acb7a4d92,TV Show Title 94,Description for TV show 94,"Drama, Comedy",S1E1
6770fc5668c4899acb7a4d95,TV Show Title 95,Description for TV show 95,"Drama, Comedy",S1E1
6770fc5768c4899acb7a4d98,TV Show Title 96,Description for TV show 96,"Drama, Comedy",S1E1
6770fc5768c4899acb7a4d9b,TV Show Title 97,Description for TV show 97,"Drama, Comedy",S1E1
6770fc5768c4899acb7a4d9e,TV Show Title 98,Description for TV show 98,"Drama, Comedy",S1E1
6770fc5768c4899acb7a4da1,TV Show Title 99,Description for TV show 99,"Drama, Comedy",S1E1
